"source","type","bp_length","phase","gene_id","gene_type","gene_name","level","mgi_id","havana_gene","tag","logFC","AveExpr","t","P.Value","adj.P.Val","B"
"HAVANA","gene",2474,NA,"ENSMUSG00000085440.1","lncRNA","Sorbs2os","2","MGI:2443013","OTTMUSG00000034081.1",NA,0.921068329894259,4.8705657068573,4.64187166105861,7.15002776863592e-05,0.998376908971885,-3.41635799404806
"HAVANA","gene",5975,NA,"ENSMUSG00000097828.2","lncRNA","6430562O15Rik","2","MGI:2444982","OTTMUSG00000067820.1",NA,-2.95761270692426,1.00233833720931,-4.24487329588442,0.000211882118006007,0.998376908971885,-4.48422320666062
"HAVANA","gene",3610,NA,"ENSMUSG00000039908.14","protein_coding","Slc26a11","2","MGI:2444589","OTTMUSG00000003912.1",NA,-3.01710288693442,-0.481100041422973,-4.0556539232759,0.000354020639504386,0.998376908971885,-4.52854646613946
"HAVANA","gene",2162,NA,"ENSMUSG00000046160.6","protein_coding","Olig1","2","MGI:1355334","OTTMUSG00000019872.1",NA,-2.99743085605028,1.06293201524608,-4.04574023548863,0.000363632225740946,0.998376908971885,-4.48013031785848
"HAVANA","gene",6099,NA,"ENSMUSG00000024769.7","protein_coding","Cdc42bpg","2","MGI:2652845","OTTMUSG00000018623.3",NA,-2.33226918051212,0.972300756083252,-3.79496797496939,0.000712993757774663,0.998376908971885,-4.49537849704328
"HAVANA","gene",1988,NA,"ENSMUSG00000086502.1","lncRNA","B130055M24Rik","2","MGI:3590645","OTTMUSG00000022495.1","overlapping_locus",1.20768937565851,3.26650370261667,3.62457461297132,0.00112040422669932,0.998376908971885,-4.31471040219621
"HAVANA","gene",973,NA,"ENSMUSG00000113102.1","TEC","A930040O22Rik","2","MGI:1925223","OTTMUSG00000065921.1",NA,2.73610715267802,0.209980773468465,3.61938112958269,0.00113585315054927,0.998376908971885,-4.53952310179428
"HAVANA","gene",1995,NA,"ENSMUSG00000104107.1","TEC","Gm37879","2","MGI:5611107","OTTMUSG00000044757.1","overlapping_locus",2.31835390568903,1.18395133325522,3.56291503712242,0.00131777303602766,0.998376908971885,-4.51643155759406
"HAVANA","gene",2896,NA,"ENSMUSG00000021504.14","protein_coding","B4galt7","2","MGI:2384987","OTTMUSG00000027738.6",NA,2.49541245355796,1.48956391659087,3.54321511546267,0.00138766842248029,0.998376908971885,-4.52369186425523
"HAVANA","gene",4435,NA,"ENSMUSG00000024142.15","protein_coding","Mlst8","2","MGI:1929514","OTTMUSG00000072967.7",NA,1.60854751706552,2.28743770248126,3.53993199955359,0.00139966150124455,0.998376908971885,-4.45843982964656
"HAVANA","gene",5149,NA,"ENSMUSG00000054321.7","protein_coding","Taf4b","2","MGI:2152345","OTTMUSG00000068678.2",NA,2.70761327205223,0.369983397156586,3.53051521015292,0.00143462126706086,0.998376908971885,-4.54343069989587
"HAVANA","gene",1886,NA,"ENSMUSG00000076617.9","IG_C_gene","Ighm","2","MGI:96448","OTTMUSG00000051485.2",NA,3.19036366725891,-0.552144142106127,3.49101961364691,0.00159069850595017,0.998376908971885,-4.54939079384663
"HAVANA","gene",2795,NA,"ENSMUSG00000028383.17","protein_coding","Hsdl2","2","MGI:1919729","OTTMUSG00000007335.2",NA,-1.90604462519414,1.71924483486101,-3.48300963623231,0.00162430098971303,0.998376908971885,-4.48909558811757
"HAVANA","gene",2802,NA,"ENSMUSG00000031776.17","protein_coding","Arl2bp","2","MGI:1349429","OTTMUSG00000061690.1",NA,-0.732309741029933,4.26392217811571,-3.48006406862127,0.00163682996460218,0.998376908971885,-4.08577360595495
"HAVANA","gene",3297,NA,"ENSMUSG00000025647.16","protein_coding","Shisa5","2","MGI:1915044","OTTMUSG00000031613.8",NA,-2.13310687391542,1.09929880324617,-3.46466365704404,0.00170387460106709,0.998376908971885,-4.51256738604856
"HAVANA","gene",5380,NA,"ENSMUSG00000071636.8","protein_coding","Rimbp3","2","MGI:2685449","OTTMUSG00000024840.3",NA,2.59946180514447,0.195156210593039,3.4412825681437,0.00181077039300578,0.998376908971885,-4.54146499831026
"HAVANA","gene",2436,NA,"ENSMUSG00000051444.9","protein_coding","Bbs12","2","MGI:2686651","OTTMUSG00000007355.4","overlapping_locus",2.58037555213219,0.954423440559035,3.39795522647234,0.00202624981106595,0.998376908971885,-4.51896707000769
"HAVANA","gene",1085,NA,"ENSMUSG00000102670.1","TEC","Gm37436","2","MGI:5610664","OTTMUSG00000050972.1",NA,2.71196022385596,0.0996652386622107,3.365249200703,0.00220510253750483,0.998376908971885,-4.55010836977569
"HAVANA","gene",3549,NA,"ENSMUSG00000001901.15","protein_coding","Kcnh6","2","MGI:2684139","OTTMUSG00000002939.3",NA,2.4935837152439,0.169903238239375,3.33188404775141,0.00240321144875611,0.998376908971885,-4.55172797131005
"HAVANA","gene",10786,NA,"ENSMUSG00000027957.13","protein_coding","Slc35a3","2","MGI:1917648","OTTMUSG00000029522.4","overlapping_locus",0.762777997179828,4.23184768910939,3.31888706701598,0.00248493376576412,0.998376908971885,-4.07889275466017
"HAVANA","gene",1881,NA,"ENSMUSG00000113588.1","TEC","Gm48328","2","MGI:6097784","OTTMUSG00000065782.1",NA,2.12491372088813,1.20124433760301,3.30066497863866,0.00260402951297855,0.998376908971885,-4.51451428770178
"HAVANA","gene",8637,NA,"ENSMUSG00000036834.16","protein_coding","Plch1","2","MGI:2683547","OTTMUSG00000030810.5",NA,2.25670041439903,1.03025951190268,3.25258684664055,0.00294520313146683,0.998376908971885,-4.51868717343671
"HAVANA","gene",494,NA,"ENSMUSG00000086920.1","lncRNA","Gm12207","2","MGI:3702399","OTTMUSG00000005623.1","overlapping_locus",2.1695786024593,0.49289178309555,3.23946440526599,0.00304554215322648,0.998376908971885,-4.54500665325239
"HAVANA","gene",5102,NA,"ENSMUSG00000038010.9","protein_coding","Ccdc138","2","MGI:1923388","OTTMUSG00000064559.1","overlapping_locus",1.48958078563961,2.13438153868262,3.23571241273983,0.00307482939059736,0.998376908971885,-4.47601850881056
"HAVANA","gene",7498,NA,"ENSMUSG00000001774.8","protein_coding","Chordc1","2","MGI:1914167","OTTMUSG00000062558.1",NA,0.600252403875601,4.89604848694894,3.22687150771725,0.00314491232354512,0.998376908971885,-3.93111256066634
"HAVANA","gene",5777,NA,"ENSMUSG00000026779.6","protein_coding","Mastl","2","MGI:1914371","OTTMUSG00000011632.1",NA,-2.79663645725118,0.180699979835877,-3.21798273872387,0.00321691846450887,0.998376908971885,-4.54278036825907
"ENSEMBL","gene",957,NA,"ENSMUSG00000064341.1","protein_coding","mt-Nd1","3","MGI:101787",NA,NA,-1.02475580216967,8.30635187196396,-3.18288967523481,0.00351694682221061,0.998376908971885,-3.05725790148486
"HAVANA","gene",8614,NA,"ENSMUSG00000034761.15","protein_coding","Map4k5","2","MGI:1925503","OTTMUSG00000017571.1",NA,0.522740296958441,5.26009650045367,3.15345142890395,0.00378912963490742,0.998376908971885,-3.86681923917334
"HAVANA","gene",3546,NA,"ENSMUSG00000079056.12","protein_coding","Kcnip3","2","MGI:1929258","OTTMUSG00000016030.1","ncRNA_host",-0.633328706851118,5.22806996679853,-3.1480847113089,0.00384087459164289,0.998376908971885,-3.91248217962987
"HAVANA","gene",3681,NA,"ENSMUSG00000089997.2","protein_coding","1810020O05Rik","2","MGI:3586838","OTTMUSG00000034548.2",NA,1.44469461665181,2.3310860473073,3.12067254446914,0.00411589086190169,0.998376908971885,-4.44683021161294
"HAVANA","gene",404,NA,"ENSMUSG00000097998.1","lncRNA","Gm27019","2","MGI:5504134","OTTMUSG00000043502.1",NA,2.58934002506637,0.151352978151549,3.11763994727837,0.00414744661438996,0.998376908971885,-4.55597731662705
"HAVANA","gene",1945,NA,"ENSMUSG00000111692.1","protein_coding","Gm49373","2","MGI:6121591","OTTMUSG00000063266.1","overlapping_locus",2.18376913361064,0.486709718916355,3.11762919818404,0.00414755887419851,0.998376908971885,-4.54704582087815
"HAVANA","gene",2667,NA,"ENSMUSG00000044816.10","protein_coding","D630023F18Rik","2","MGI:2138198","OTTMUSG00000047693.1","overlapping_locus",2.1083241635929,0.800072869902319,3.09978942197112,0.00433792441347486,0.998376908971885,-4.53777385048713
"HAVANA","gene",1346,NA,"ENSMUSG00000106288.1","TEC","Gm43593","2","MGI:5663730","OTTMUSG00000053950.1",NA,2.38935045727854,0.670818576293038,3.08838337153964,0.00446397636156516,0.998376908971885,-4.54463741231803
"ENSEMBL","gene",71,NA,"ENSMUSG00000064343.1","Mt_tRNA","mt-Tq","3","MGI:102477",NA,NA,-1.54067064418237,3.55666370928354,-3.08171401733762,0.0045392923466344,0.998376908971885,-4.37119643937903
"HAVANA","gene",6754,NA,"ENSMUSG00000037007.17","protein_coding","Zfp113","2","MGI:1929116","OTTMUSG00000022637.1",NA,1.45005827015605,2.52991314332872,3.0771662721235,0.00459134250930542,0.998376908971885,-4.41311768574189
"HAVANA","gene",3928,NA,"ENSMUSG00000072437.4","protein_coding","Nanos1","2","MGI:2669254","OTTMUSG00000074397.1",NA,2.42408632475936,0.976564538722122,3.07527043658257,0.00461320847438599,0.998376908971885,-4.55126047341084
"HAVANA","gene",9150,NA,"ENSMUSG00000037375.16","protein_coding","Hhat","1","MGI:2444681","OTTMUSG00000027097.6",NA,-1.71604900866002,1.63348585983739,-3.07516544862798,0.00461442226848153,0.998376908971885,-4.50919832818989
"HAVANA","gene",7445,NA,"ENSMUSG00000023235.14","protein_coding","Ccl25","2","MGI:1099448","OTTMUSG00000022436.3",NA,0.760610468878953,4.11190406257947,3.07222934965027,0.00464849086681408,0.998376908971885,-4.1544869776522
"HAVANA","gene",780,NA,"ENSMUSG00000092356.2","protein_coding","Gm20532","2","MGI:5141997","OTTMUSG00000038234.2","overlapping_locus",-1.68340117041099,1.03008985712221,-3.06787510168015,0.00469945646518749,0.998376908971885,-4.53663948555218
"HAVANA","gene",2963,NA,"ENSMUSG00000030019.6","protein_coding","Fbxl14","2","MGI:2141676","OTTMUSG00000024104.1",NA,-1.44481047194424,2.07019617599061,-3.0569509540049,0.00482967545690004,0.998376908971885,-4.46292156596332
"HAVANA","gene",4076,NA,"ENSMUSG00000020166.15","protein_coding","Cnot2","2","MGI:1919318","OTTMUSG00000035217.4","ncRNA_host",0.630124026858369,4.46910500871741,3.04704111473779,0.00495077037237256,0.998376908971885,-4.08781059272801
"HAVANA","gene",7367,NA,"ENSMUSG00000033697.16","protein_coding","Arhgap39","1","MGI:107858","OTTMUSG00000039938.5",NA,0.447121188009854,5.12641806853962,3.03992992256509,0.00503944227384832,0.998376908971885,-3.96525807994272
"HAVANA","gene",1554,NA,"ENSMUSG00000105442.1","TEC","Gm42614","2","MGI:5662751","OTTMUSG00000054552.1","overlapping_locus",1.45646158881369,2.11960282735487,3.02115758241,0.00528083912894074,0.998376908971885,-4.48229440647868
"HAVANA","gene",2470,NA,"ENSMUSG00000105201.1","TEC","Gm43362","2","MGI:5663499","OTTMUSG00000052736.1",NA,1.21565412249374,2.52961115471848,3.01994841621005,0.00529675920564285,0.998376908971885,-4.45030171141722
"HAVANA","gene",4043,NA,"ENSMUSG00000059070.16","protein_coding","Rpl18","2","MGI:98003","OTTMUSG00000023185.4",NA,-2.21810000202088,1.17067018434775,-3.01350469544666,0.00538237066552245,0.998376908971885,-4.53428825940896
"HAVANA","gene",678,NA,"ENSMUSG00000100862.1","unprocessed_pseudogene","Gm10925","2","MGI:3809095","OTTMUSG00000046320.1",NA,-0.87966805058279,9.53570376659702,-3.01148565081215,0.00540946528219593,0.998376908971885,-2.89124313114222
"HAVANA","gene",2697,NA,"ENSMUSG00000090266.10","protein_coding","Mettl23","1","MGI:1921569","OTTMUSG00000037375.4","overlapping_locus",1.25582204991173,2.34572612754366,3.00158524656801,0.00554421063755391,0.998376908971885,-4.45986889077252
"HAVANA","gene",4792,NA,"ENSMUSG00000032475.15","protein_coding","Nck1","2","MGI:109601","OTTMUSG00000021049.5","overlapping_locus",1.8575766242559,1.72960218488504,2.97636031851848,0.00590207991645288,0.998376908971885,-4.51927049735231
"HAVANA","gene",2147,NA,"ENSMUSG00000024099.15","protein_coding","Ndufv2","2","MGI:1920150","OTTMUSG00000016284.5",NA,-0.598554602021905,4.39827681585138,-2.96826270159325,0.0060215360618223,0.998376908971885,-4.1672849170229
